_id.tok,_id.to
0x00056e6b50732D8418D4B4BFcE77084800eFbe14,0xF83dACEeF8Ef9A2ABE63dfDCC404976095D7d379
0x0007cF2168168767FA852f55F67C2995a45b6C75,0x80C033Ec272AE86c6D39E81Ad6591b821CB212d5
0x000E9D579a25990D6cfD9c29302746E2AAc969aD,0x81fc5998336eB7E1842f4090f8F7f5B71e294Dd2
0x000FeF1D21bD911a68229e947b53134bBb35473b,0x0000000000000000000000000000000000000000
0x000FeF1D21bD911a68229e947b53134bBb35473b,0x189Ed9eCfF582B4BD03C611E9C9BdAD2eF13Aebf
0x000FeF1D21bD911a68229e947b53134bBb35473b,0x212C2a2891227f39B48D655C5ecA0b1377daFF90
0x000FeF1D21bD911a68229e947b53134bBb35473b,0x2DD872C6f7275DAD633d7Deb1083EDA561E9B96b
0x000FeF1D21bD911a68229e947b53134bBb35473b,0x50D8566E3DC80bAdd3c1cBAf58BB8c1ADbe2Ad49
0x000FeF1D21bD911a68229e947b53134bBb35473b,0x59CfFf374CF8cd5BDb2Be478E4f94aCBCF811f28
0x000FeF1D21bD911a68229e947b53134bBb35473b,0x9BF0F62130862efB8FEFb757355AA5839c1baCF6
0x000f2b7aD47b1c9Fa3Bcd00AFEeafd84fc87bb6B,0x68DE9b1A9f9e91BE83D449f0dFB0AA48b16F0ef4
0x002038dC2B938ac564426b63a10cCD857F4Dd984,0x0000000000000000000000000000000000000000
0x002038dC2B938ac564426b63a10cCD857F4Dd984,0x7FB698661B67Dd55EB5EB933d1F805Abb2ff6552
0x0023ea2AB51ca461dcd63851fE6e30a1fD750178,0x0000000000000000000000000000000000000000
0x0023ea2AB51ca461dcd63851fE6e30a1fD750178,0x000000000000000000000000000000000000dEaD
0x0023ea2AB51ca461dcd63851fE6e30a1fD750178,0x04F3b15571Eb22FBD022Ff7Eb2de892666AB1ED9
0x0027031E9a59E447F202C89fbB0308a7Fa584093,0x77032a04308711b79AF8720869D8f36185E303EB
0x0027031E9a59E447F202C89fbB0308a7Fa584093,0x9668cd0a1b689a51a355900E8f98E827D3fee1A0
0x002C4604e54e8eA5a379AEc022623CF211ba85e1,0x0B6319DbcBB51f138101A8BA8578Ff7674abc653
0x002C4604e54e8eA5a379AEc022623CF211ba85e1,0x715488866d563812B35f7e1CA52D278279EFE6aa
0x002F4ADfdD11afa6C4761c66D9B27e8B77589728,0x88733f5cF8137C219b666CDFb9234e9a0bdc5952
0x002a63bb7a0b5Dca6eE2C6Bf4a1E61e8b315A5DE,0x002a63bb7a0b5Dca6eE2C6Bf4a1E61e8b315A5DE
0x002a63bb7a0b5Dca6eE2C6Bf4a1E61e8b315A5DE,0x2C4C168A2fE4CaB8E32d1B2A119d4Aa8BdA377e7
0x002a63bb7a0b5Dca6eE2C6Bf4a1E61e8b315A5DE,0xFC242f42127494934efc79386ec03DCc8991d095
0x00324d233034BBa2EE799AB018326890A7B00E5e,0xb7cAA69e7cEB87a1E5a017aBA521c4b9859ecAEd
0x00352e7A32dbC8CC505f04449C7B543a31D93a91,0x24De7f6122A5355E58d0Ad1d88C04069580f0577
0x00352e7A32dbC8CC505f04449C7B543a31D93a91,0x673FfE9D00DdB550e11fD8c796DFd0ec0D26566d
0x00352e7A32dbC8CC505f04449C7B543a31D93a91,0x6864e325247F2e7A41d6E714a90Bc7D5cBc3BFA4
0x00352e7A32dbC8CC505f04449C7B543a31D93a91,0x6f736abE154B0dc062a24F8196aB9da66dfE54C3
0x00352e7A32dbC8CC505f04449C7B543a31D93a91,0x882B36Ea2EF81E58b363813051fd7BBb698C3b3d
0x00352e7A32dbC8CC505f04449C7B543a31D93a91,0xAF040AbEbd430c66d27d778813988526A5a984Bc
0x00352e7A32dbC8CC505f04449C7B543a31D93a91,0xAb46E6013E30D1559b5F5bbDBfe7d36216FE8083
0x00352e7A32dbC8CC505f04449C7B543a31D93a91,0xE99C28fa7ece0b0524A703f5C33F6300D1741aF8
0x00352e7A32dbC8CC505f04449C7B543a31D93a91,0xcCAFCf876caB8f9542d6972f87B5D62e1182767d
0x0036462724D78708d2d6254Dff8f9C77Cf9F5A32,0x027Ab30074CB95EDc4abc661cbC7E09FA1c1B7fE
0x0036462724D78708d2d6254Dff8f9C77Cf9F5A32,0x4d5996d9b0839EbF0d1e4DD7200CD13b7F27473a
0x003791A330181A12923D444f585688Ba2AF2b17d,0xF16D6691E7b8EaA181FdBa36d06C520D60EaF729
0x00386FD3705b1181C4147e45f4BFbAF09873Ae78,0x0000000000000000000000000000000000000000
0x00386FD3705b1181C4147e45f4BFbAF09873Ae78,0x2C4C168A2fE4CaB8E32d1B2A119d4Aa8BdA377e7
0x00386FD3705b1181C4147e45f4BFbAF09873Ae78,0x63f976b389DF606A4504848c57EaFe644230ccee
0x0038Db967580A07aa652B6e1461501422f52aEd6,0x9B665Eb18C643e8Cc3382Fc1AD1Ddbe28cBFAC43
0x00394680Ec476B9dd318740CA0beC33373Cfdf88,0x360e346C489c500F4F8E38e99924E11b955E8937
0x00394680Ec476B9dd318740CA0beC33373Cfdf88,0x41b37aC0B548EECc27607bB3a717831DD4B4f940
0x00394680Ec476B9dd318740CA0beC33373Cfdf88,0x6B3158886c089A68C8353C7911297D4844C40218
0x00394680Ec476B9dd318740CA0beC33373Cfdf88,0x89183Af8f61F31a0fB74f3ae69e495684Adaca84
0x00394680Ec476B9dd318740CA0beC33373Cfdf88,0x98111D238ebEd2edfc12B8a40b37734879df1267
0x003c25a64365128616fce25BCd9137CB8D7d628d,0xc13b65f7c53Cd6db2EA205a4b574b4a0858720A6
0x0045D12EE42ECd9584dC1cd08DCFEb920E173431,0x3197124c016ae372D0F8f55456afbDC9f4eaDfEe
0x0045D12EE42ECd9584dC1cd08DCFEb920E173431,0x87243D01d42AA994a72cddbD66032963C8e65386
0x0047a00aD14218402193e7D7FFeCecccf4b3cb2A,0x0000000000000000000000000000000000000000
0x0047a00aD14218402193e7D7FFeCecccf4b3cb2A,0x8D7ee51Ec16a0F95C7f241582De8cffB9A4c2293
0x0047a00aD14218402193e7D7FFeCecccf4b3cb2A,0xaaa2A34622Bc24a3800dc36Ea4dee50A928B96EF
0x0049d999d33979DAa46342711e8f415A7bd5B904,0x0000000000000000000000000000000000000000
0x0049d999d33979DAa46342711e8f415A7bd5B904,0x94b610b0B9F7471f817aC7c280a81Beef521DF36
0x0049d999d33979DAa46342711e8f415A7bd5B904,0x9ee1B8Fd52321De805772EFea2F6AeFeEeDc735d
0x004B48aaDdfe3b0946D49CCB2636ec64fcDd21A4,0x0000000000000000000000000000000000000000
0x004B48aaDdfe3b0946D49CCB2636ec64fcDd21A4,0x55D56E1bb2Fc8280A775cCFe9ecEccecf1a01562
0x00505eF9b9ceebcC86EFDF9947109bEF16598223,0x239fA7623354eC26520dE878B52f13Fe84b06971
0x00505eF9b9ceebcC86EFDF9947109bEF16598223,0x8c432E5011c6ccbd0c291525ca63038403F21f48
0x00505eF9b9ceebcC86EFDF9947109bEF16598223,0x8e12fD09f7A761AABaD0C8E0e574d797FE27b8A6
0x00505eF9b9ceebcC86EFDF9947109bEF16598223,0xC5df89579D7A2f85b8a4b1a6395083da394Bba92
0x0050f6E665eC1E8875C95CA5f1cB0ECecA82B95a,0xa25a817572CF4b60A6Ed97A63139d4267176DEa7
0x00521fd760ccFd5df1946162B904466eFE79C990,0xB8741288eD722cb87d59422E810f1c9cB47F996F
0x0055A69346027FaDD5f4Cd3b2B44DAfC50bB8aB9,0x0000000000000000000000000000000000000000
0x0055A69346027FaDD5f4Cd3b2B44DAfC50bB8aB9,0xcF176AE921BF3A4A4C7CD8010Fc52457A128DE22
0x00579e2B7dB6b49E19d2e837f10B24f110F4581a,0x12f3ED13c4C0d0A913b3BA7dA46F004B755229B4
0x00579e2B7dB6b49E19d2e837f10B24f110F4581a,0xDc43ce655c7cD433e2Aa9c7B475eDf89c51442C0
0x00579e2B7dB6b49E19d2e837f10B24f110F4581a,0xEec20db7D690BbdF32130154557E14D89C511D85
0x00579e2B7dB6b49E19d2e837f10B24f110F4581a,0xe66DA8A5fC0D076d8DFA6E8CEDAaC6cC839A19DB
0x005b0E0Fd48F89bBf4cd48f88C5994e9ccedD7Ee,0x005b0E0Fd48F89bBf4cd48f88C5994e9ccedD7Ee
0x005b0E0Fd48F89bBf4cd48f88C5994e9ccedD7Ee,0x6C6B14d1666420B09EAd3019F9e6ba86bd02834C
0x005b0E0Fd48F89bBf4cd48f88C5994e9ccedD7Ee,0x98e3FBA845B52256eD090346c33fAe9a113D8cfb
0x005b0E0Fd48F89bBf4cd48f88C5994e9ccedD7Ee,0xa5001eA21b2E452004a243037f2dE50c7FB4cEd1
0x0062639B2914B8fd1cA1D64739FdD115215fBD8E,0x0BDB27fBbdC629015C8a706fb66fD0576dF1888B
0x0062639B2914B8fd1cA1D64739FdD115215fBD8E,0x85B4F9c920f6B2482f9c2f5475098Fc7501256fC
0x0062639B2914B8fd1cA1D64739FdD115215fBD8E,0x8FAf0cf6B7394637B616EeFF1A4880CC71e67D26
0x0063C9c85D7c7D7DeE4FbA45870232e5d3652c23,0x22334A30A46180C96e0da974AC19d717d31888c1
0x0063C9c85D7c7D7DeE4FbA45870232e5d3652c23,0x49954bAb7fcbdBDa965A61DCC098DB666434bF50
0x0063C9c85D7c7D7DeE4FbA45870232e5d3652c23,0x6200B719Cb11dD119d4Aa1D9b20F884eC8f61758
0x0065E93678f566b1C535f9A15Cc805599d68Fe4c,0x124D64f619AA7A2168db0bCa2C6dd4cf359ABc57
0x0065E93678f566b1C535f9A15Cc805599d68Fe4c,0x699710B9678662e210983Ab1ca5508db4Beb634d
0x0065E93678f566b1C535f9A15Cc805599d68Fe4c,0xd448FF1445eC128bF8210DF5193c16a21699b122
0x0073Acc74403Fdc2877539f64B8eF9f215a7Df33,0x6976398a21302B22284b0162BCe2783dAf781E08
0x0073Acc74403Fdc2877539f64B8eF9f215a7Df33,0x7DE9A4d19b5e0D5982bfC3aC6B39EBEc8F33BFE4
0x0073Acc74403Fdc2877539f64B8eF9f215a7Df33,0x9ED43A4Db2eBf0886A9836Fdc1471A870545Bf83
0x007F2239b83C0Febc0CFF8fa03Ad67EeCBb9926b,0x9E2fCDa9926Ffd4a925dAA8933E9976E1bD7F107
0x007FD99308E87F120c780199e1A040F2c185ECb3,0x08d0F052e704Ef39323252689F7C6d958D0AF4fE
0x007FD99308E87F120c780199e1A040F2c185ECb3,0x62614414249062ee9e940C7d74e06E68eB7035C6
0x007FD99308E87F120c780199e1A040F2c185ECb3,0x82D2640a9D1d74300669667D51243a1c4b9672f6
0x007FD99308E87F120c780199e1A040F2c185ECb3,0xCa2edaE3cF530403a6a1852D83c5664866E989EF
0x007FD99308E87F120c780199e1A040F2c185ECb3,0xE0144F9f4D815CE3C4533256Aa6bfcc1d36d75D6
0x007a177eDaf9832743a287534970931470BfCDbC,0x4D43BF992F436A5fb6d25D8033535E6A13c41dF0
0x007a177eDaf9832743a287534970931470BfCDbC,0x5dFE22d1C398db562A3a7F643e5Dd462Af3629a0
0x007a177eDaf9832743a287534970931470BfCDbC,0x9Ef3272593b651FDA564b51ac61590e3BE89746B
0x007a177eDaf9832743a287534970931470BfCDbC,0xB53680fDF331Ce2b446229972260a927990AABDd
0x0082831622742B720f57baFa117A55764e382e60,0x2F07AbDa1F9e3D26B4829e9a0B7020082AE3087b
0x0082831622742B720f57baFa117A55764e382e60,0x66b66806bf974e6853f698c349C3fE5eDfFa0554
0x0082831622742B720f57baFa117A55764e382e60,0xcBC42C8F3704EAc4D1922aeDA578563c64D63155
0x0086cFDd1b88b69E8e721B72F4302a58f5C6DA32,0x9F27bf82dEAA45273BeD58F4404323396E876BA8
